{"epoch": 97, "train_dataset/#episodes": 393, "train_dataset/#steps": 19400, "_runtime": 265355, "_timestamp": 1682105361, "_step": 1043, "duration": 1.4493021241823831, "train_dataset/episode_length": 16, "train_dataset/episode_return": 0.9520000219345093, "train_dataset/episode_num": 391, "train_dataset/action_histogram": {"_type": "histogram", "values": [0.0, 0.375, 0.375, 0.125, 0.0, 0.125, 0.0], "bins": [-0.5, 0.5, 1.5, 2.5, 3.5, 4.5, 5.5, 6.5]}, "train_dataset/return": 0.9629411101341248, "test_dataset/episode_length": 13, "test_dataset/episode_return": 0.9610000252723694, "test_dataset/episode_num": 303, "test_dataset/action_histogram": {"_type": "histogram", "values": [0.0, 0.38461538461538464, 0.46153846153846156, 0.07692307692307693, 0.0, 0.07692307692307693, 0.0], "bins": [-0.5, 0.5, 1.5, 2.5, 3.5, 4.5, 5.5, 6.5]}, "test_dataset/#episodes": 16, "test_dataset/#steps": 189, "test_dataset/return": 0.9645625352859497, "tokenizer/train/total_loss": 0.0023748780606547377, "tokenizer/train/commitment_loss": 0.00012371436980174622, "tokenizer/train/reconstruction_loss": 0.0021015465550590306, "tokenizer/train/perceptual_loss": 0.00014961713439333828, "tokenizer/eval/total_loss": 0.002260906112496741, "tokenizer/eval/commitment_loss": 9.893645346892299e-05, "tokenizer/eval/reconstruction_loss": 0.001969272103451658, "tokenizer/eval/perceptual_loss": 0.0001926975592141389, "world_model/train/total_loss": 0.03860175707377496, "world_model/train/loss_obs": 0.03850033061578871, "world_model/train/loss_rewards": 9.691607023228249e-05, "world_model/train/loss_ends": 4.510396331625088e-06, "world_model/eval/total_loss": 0.02593418036121875, "world_model/eval/loss_obs": 0.02592138876207173, "world_model/eval/loss_rewards": 1.0477655393970053e-05, "world_model/eval/loss_ends": 2.3141584293284723e-06, "actor_critic/train/total_loss": 9.492255348959585e-05, "actor_critic/train/loss_actions": -0.00024837483565420387, "actor_critic/train/loss_values": 0.0003910823523642649, "actor_critic/train/loss_entropy": -4.778496338985862e-05}